ID,seed,simulation time,warmup period,Part1,Part2,Part3,inspector1 block time,inspector2 block time,inspector3 block time,Total Block Time,workstation1 idle time,workstation2 idle time,workstation3 idle time,Total Idle Time(workstation)
1,1,5000,1000,327,16,23,0,70.74782777928704,3092.943660679958,3163.6914884592456,890.6797735262883,3745.5627027989444,3749.9151967545663,8386.157673079799
2,2,5000,1000,326,22,18,0,908.5026996028498,2329.994991385608,3238.4976909884576,988.8726888898892,3844.1311719360388,3886.604613686401,8719.60847451233
3,3,5000,1000,353,28,23,0,1058.065723974339,2010.5828640741538,3068.648588048493,911.3004876456785,3738.876492060998,3834.437850516151,8484.614830222827
4,4,5000,1000,328,17,26,0,0,3035.7122749462446,3035.7122749462446,1062.6951527959127,3848.7362707768953,3789.8224136441922,8701.253837217
5,5,5000,1000,354,23,32,0,0,3208.0763471492546,3208.0763471492546,873.2062885612575,3755.417012696416,3699.868782880669,8328.492084138343
6,6,5000,1000,321,27,19,0,453.41383627467474,2864.4564435828747,3317.8702798575496,868.7002563875781,3705.7250399583913,3848.2343938442446,8422.659690190214
7,7,5000,1000,344,25,23,0,319.92734229443977,2721.04901570173,3040.97635799617,788.5025886364413,3745.916981348137,3818.254538549083,8352.674108533662
8,8,5000,1000,350,24,27,0,137.1619494953784,3110.1244718045314,3247.2864212999098,909.9827092740745,3705.1770816589756,3733.256519349028,8348.416310282078
9,9,5000,1000,337,21,32,0,420.0724208154314,2610.387381978573,3030.459802794004,1031.8277604215398,3718.7367411267956,3752.229446537892,8502.793948086226
10,10,5000,1000,345,18,15,0,680.7373362805213,2623.879601377307,3304.616937657828,820.9291974555739,3809.5690289052,3869.203527662199,8499.701754022972
11,11,5000,1000,323,14,14,0,395.248851165064,3232.680794875654,3627.929646040718,900.6146640820616,3856.0085772875277,3896.2098653570797,8652.833106726668
12,12,5000,1000,331,19,26,0,478.59438050760855,2851.321469213589,3329.915849721198,812.804711781925,3751.8089064475307,3705.2025403628572,8269.816158592314
13,13,5000,1000,349,33,29,0,483.76593379250573,2463.2895366539983,2947.0554704465044,908.6123578516208,3579.321156861436,3740.1336151095147,8228.067129822572
14,14,5000,1000,310,30,23,0,219.04913544688952,3021.078514463861,3240.1276499107507,852.7932140315849,3695.6314829273874,3811.266521877325,8359.691218836297
15,15,5000,1000,322,23,18,0,615.6508191783355,2688.594922483614,3304.2457416619495,999.1249157833962,3748.684965373674,3891.442790964617,8639.252672121687
16,16,5000,1000,337,22,18,0,105.22376782238007,3364.865760600441,3470.089528422821,883.6374119088975,3758.73680066075,3826.1899744272705,8468.564186996919
17,17,5000,1000,342,28,25,0,1138.2301807927508,2022.6570564863118,3160.887237279063,987.4824820044105,3756.726406682751,3763.725187516931,8507.934076204092
18,18,5000,1000,351,13,14,0,797.4367362758744,2851.089598404885,3648.526334680759,852.9907629589553,3785.4344751268877,3844.0028108322663,8482.42804891811
19,19,5000,1000,439,42,40,0,802.2339913402636,2741.7813039234106,3544.015295263674,1086.8234915558955,4594.569237679046,4675.936983996564,10357.329713231506
20,20,5000,1000,343,24,21,0,176.43771318395284,3094.475106997566,3270.912820181519,1015.1456967450856,3747.3178710610614,3791.676268679963,8554.139836486109
21,21,5000,1000,335,13,20,0,0,3634.243367608369,3634.243367608369,874.4847976155677,3866.8100129087006,3883.9450880600452,8625.239898584314
22,22,5000,1000,354,14,11,0,205.73707883656834,3479.154212470595,3684.8912913071636,885.1745745589986,3906.6505331851577,3942.304807651141,8734.129915395297
23,23,5000,1000,349,24,24,0,209.81335190293294,2908.233178241732,3118.0465301446648,969.0564471444102,3736.007155982987,3738.4137685447786,8443.477371672176
24,24,5000,1000,314,19,22,0,1007.891344396397,2362.04267752761,3369.934021924007,932.4796026896357,3841.4902970670214,3837.339439077981,8611.309338834639
25,25,5000,1000,334,25,26,0,940.4129176678621,2029.9229604311315,2970.335878098994,981.8819586336876,3703.198934145179,3789.5942609307804,8474.675153709646
26,26,5000,1000,339,26,21,0,216.37940139987404,2951.594407818074,3167.973809217948,863.373048355224,3685.5151492259934,3778.2134778571126,8327.10167543833
27,27,5000,1000,317,16,25,0,39.33069660415458,3123.4016598014573,3162.732356405612,959.7452952653341,3750.041391441152,3719.32241690251,8429.109103608997
28,28,5000,1000,325,12,14,0,564.6274948719879,3021.9339622311277,3586.5614571031156,883.7609436508072,3864.286589164807,3902.6110997805954,8650.658632596209
29,29,5000,1000,339,21,19,0,417.5189634901242,2945.0619389496533,3362.5809024397777,855.8121289309023,3830.2791500884905,3843.8026652932986,8529.893944312691
30,30,5000,1000,379,20,23,0,185.8134292617201,3014.9889345108977,3200.802363772618,822.3347311233209,3785.4317587809687,3737.9558516921206,8345.72234159641
31,31,5000,1000,409,24,29,0,69.04131617600817,3938.671516668666,4007.7128328446743,1008.6095594402038,4720.362283771073,4619.017404520959,10347.989247732236
32,32,5000,1000,363,20,25,0,135.41359576301465,3083.9216823800625,3219.335278143077,1036.7115025553323,3822.2021615564217,3804.0588229340215,8662.972487045776
33,33,5000,1000,346,17,22,0,0,3220.7525896974794,3220.7525896974794,902.883238869287,3820.3635659850524,3793.370416679884,8516.617221534223
34,34,5000,1000,335,27,16,0,628.0482590602214,2691.145169996061,3319.1934290562826,862.8931143720246,3701.8716942919277,3856.2247161683554,8420.989524832308
35,35,5000,1000,323,36,19,0,945.785275883062,2037.4705134859396,2983.255789369002,836.9329582828228,3682.246616331435,3769.1845888364805,8288.364163450738
36,36,5000,1000,316,14,18,0,258.1620432413174,3074.9857822068743,3333.1478254481917,897.2570257837231,3879.9329147160365,3884.195982306949,8661.385922806709
37,37,5000,1000,331,30,21,0,334.7811292489296,2863.7474111619117,3198.5285404108413,925.322268192473,3655.309206091488,3802.4320462201445,8383.063520504105
38,38,5000,1000,298,14,19,0,0,3515.4891371650674,3515.4891371650674,890.3155289402788,3854.3738238151277,3779.4432811844445,8524.132633939851
39,39,5000,1000,346,28,29,0,323.3284587683397,2702.2590467302834,3025.587505498623,919.5777270241413,3750.378061023502,3716.843947313284,8386.799735360928
40,40,5000,1000,353,15,25,0,83.32825483247598,3240.88571730843,3324.2139721409058,906.7134176680785,3799.8775560288764,3799.6565751815174,8506.247548878473
41,41,5000,1000,316,19,11,0,166.01962082699492,3415.7416272950154,3581.7612481220103,872.4876821251244,3842.546677663875,3913.791642479322,8628.82600226832
42,42,5000,1000,319,10,12,0,764.5036402595451,2767.6657928675986,3532.1694331271437,807.8081851734265,3822.4115435107537,3928.950836540495,8559.170565224675
43,43,5000,1000,358,23,16,0,554.2995963445301,2805.561425862191,3359.861022206721,981.2880375366218,3739.842825012319,3835.617517749681,8556.748380298623
44,44,5000,1000,335,23,26,0,66.04015304753057,3274.8050788992523,3340.845231946783,821.0481428827189,3733.1098235025547,3750.965985473777,8305.12395185905
45,45,5000,1000,330,17,20,0,0,3443.571333688708,3443.571333688708,825.517577379987,3828.5636701029116,3811.2818725108555,8465.363119993754
46,46,5000,1000,344,26,18,0,486.7224506958387,2775.2235536070225,3261.946004302861,945.4782062633806,3739.97958656386,3881.3005419133124,8566.758334740553
47,47,5000,1000,325,25,36,0,0,2892.4864829063868,2892.4864829063868,870.1247867666286,3721.9139843655303,3747.138903035834,8339.177674167993
48,48,5000,1000,403,22,22,0,482.1442875758146,3471.495397567986,3953.6396851438008,1140.09526147319,4730.887265510449,4793.129918187648,10664.112445171286
49,49,5000,1000,356,34,21,0,747.0309567852996,2045.986477958431,2793.0174347437305,838.1315258144132,3650.7723427700503,3839.1705617732396,8328.074430357703
50,50,5000,1000,340,28,18,0,1208.9881469691531,2042.352786414311,3251.340933383464,859.3880768512734,3663.3541458713457,3840.7072180344844,8363.449440757104
51,51,5000,1000,374,21,26,0,236.4990171767122,2877.9951939798298,3114.494211156542,919.8024975271953,3740.29181560334,3775.388717213887,8435.483030344423
52,52,5000,1000,329,17,15,0,1291.8590343681144,2072.928118999654,3364.7871533677685,899.8305698635518,3798.990455215528,3899.767126871525,8598.588151950604
53,53,5000,1000,332,20,26,0,21.43799488009222,3175.2314499703025,3196.669444850395,950.6925621812043,3675.8029096757564,3799.8040439690253,8426.299515825986
54,54,5000,1000,334,14,35,0,183.538224294286,2997.4220737323226,3180.9602980266086,1037.914494185482,3889.7114112545514,3703.1113954896746,8630.737300929708
55,55,5000,1000,412,29,22,0,132.03672405048349,3971.775236028441,4103.811960078924,1108.5091454523536,4757.67186384284,4827.053210266848,10693.23421956204
56,56,5000,1000,313,34,28,0,1026.376609876377,1936.1371865421734,2962.5137964185506,836.1846590806834,3659.7056991248,3761.5719099137073,8257.46226811919
57,57,5000,1000,334,23,16,0,555.1464588831416,2636.5928020529163,3191.739260936058,941.3860367672781,3739.2034983104286,3875.290859037692,8555.880394115398
58,58,5000,1000,320,17,25,2.075118502445548,205.83551354475708,2935.5978955933865,3143.5085276405894,937.327256656936,3787.579497679608,3802.2354903119917,8527.142244648536
59,59,5000,1000,328,15,22,0,347.9011866158196,3019.5331438905805,3367.4343305064,958.0046096209758,3887.9752892266997,3840.928781713915,8686.908680561592
60,60,5000,1000,357,24,13,0,718.7350281956715,2693.8223533671703,3412.557381562842,877.6028973587049,3792.8126764422477,3900.0709113247176,8570.48648512567
61,61,5000,1000,327,20,15,0,165.08349424129165,3178.8995725896602,3343.983066830952,780.7953404072683,3842.403537670315,3915.2912171086,8538.490095186184
62,62,5000,1000,335,23,34,0,243.96572080052647,2731.9252928951946,2975.891013695721,908.3207852507694,3608.273679273295,3736.2414826287204,8252.835947152784
63,63,5000,1000,338,20,23,0,98.61346012331137,3097.165195525451,3195.7786556487627,912.3179669099316,3857.0990010696846,3794.744250054947,8564.161218034562
64,64,5000,1000,323,14,26,0,477.5904889900261,2943.0413187487447,3420.631807738771,847.5057465205125,3837.274542470486,3747.1895648257328,8431.96985381673
65,65,5000,1000,354,17,33,0,0,3248.768633630066,3248.768633630066,831.2190022990417,3900.6235275250533,3775.549726054175,8507.392255878269
66,66,5000,1000,357,21,25,0,85.01427129800504,2836.7124004577186,2921.7266717557236,999.7277687841568,3854.9307378371027,3754.5004506605947,8609.158957281854
67,67,5000,1000,335,23,27,0,390.6513381294267,2649.181166838453,3039.8325049678797,1025.762532914148,3737.2712742973695,3802.282359088795,8565.316166300312
68,68,5000,1000,323,14,26,0,340.72499513722823,2743.485844025196,3084.2108391624242,891.3897854596228,3894.517535279441,3812.168255737801,8598.075576476866
69,69,5000,1000,343,19,19,0,781.9161500778596,2654.193884185347,3436.1100342632067,856.2273462362674,3792.393601394997,3822.392551838139,8471.013499469404
70,70,5000,1000,357,21,21,0,133.95237808951174,2768.0825239019887,2902.0349019915,931.8556209831023,3826.8841547798256,3791.5179252115827,8550.257700974511
71,71,5000,1000,342,22,22,0,169.13089398799957,3094.766156535658,3263.8970505236575,910.6164820108836,3803.982813625986,3792.822013414139,8507.42130905101
72,72,5000,1000,308,18,17,0,828.7165525491923,2630.5858626015297,3459.3024151507216,904.8548585200921,3736.17391730831,3804.569890136958,8445.59866596536
73,73,5000,1000,351,22,29,0,291.7566631114296,2770.4651530969777,3062.2218162084073,854.9907423537737,3793.3248263143905,3763.3115114098296,8411.627080077993
74,74,5000,1000,338,21,23,0,0,3104.741032910991,3104.741032910991,1060.8231549639431,3796.3554986529043,3825.7927436554064,8682.971397272253
75,75,5000,1000,353,23,25,0,394.80498957352165,2637.681375675002,3032.4863652485237,958.4189760441479,3669.973206253556,3728.5418210916732,8356.934003389377
76,76,5000,1000,323,15,20,0,759.2952119395432,2465.164397794176,3224.459609733719,910.6732928140947,3832.2399735221084,3866.661009195175,8609.574275531379
77,77,5000,1000,338,18,25,0,59.183315695563124,3291.2117833089965,3350.3950990045596,853.1600932984585,3825.012885125712,3857.173249979087,8535.346228403258
78,78,5000,1000,330,22,23,0,26.212597041882645,3415.7237283784857,3441.936325420368,770.1931977988316,3772.565682089656,3781.9216479836336,8324.680527872122
79,79,5000,1000,341,29,27,0,108.9281600036993,2877.808961687551,2986.73712169125,921.0602803525105,3598.107892722214,3777.866628692255,8297.034801766978
80,80,5000,1000,336,22,29,0,142.33628382036534,2643.039595551405,2785.37587937177,989.8465217633435,3749.572906673709,3707.7778642104404,8447.197292647492
81,81,5000,1000,355,25,28,0,423.2354663484448,2548.502136230867,2971.737602579312,886.8957234083928,3713.2015503575067,3787.379462146538,8387.476735912438
82,82,5000,1000,339,30,16,0,483.565302458102,2814.51312770935,3298.078430167452,926.8732112398146,3775.9400795205574,3860.7400129766315,8563.553303737004
83,83,5000,1000,363,30,26,0,391.2710701106935,2322.5986558602312,2713.8697259709247,950.3865257600703,3700.3062302001194,3764.056116281975,8414.748872242166
84,84,5000,1000,336,24,23,0,78.1941359169673,3069.094541649052,3147.2886775660195,847.2743970162903,3736.0579039476756,3831.2806966587996,8414.612997622766
85,85,5000,1000,327,18,10,0,194.92595825335206,3366.1012229044045,3561.0271811577563,844.0294807572999,3829.7906786143935,3848.0110551501043,8521.831214521797
86,86,5000,1000,308,18,29,0,0,3067.9886395476874,3067.9886395476874,936.8607809578402,3697.615770570203,3815.737979389884,8450.214530917927
87,87,5000,1000,352,29,35,0,184.9228059027605,2762.5228527566,2947.4456586593606,939.7062266888959,3722.415149113281,3688.6835198288663,8350.804895631043
88,88,5000,1000,325,26,21,0,484.39959181488075,2552.372467956537,3036.772059771418,952.3640770938337,3674.37106680742,3822.523716881805,8449.258860783058
89,89,5000,1000,353,22,25,0,257.4328797047492,2752.4968824139223,3009.9297621186715,1032.2618740296994,3654.8393791740727,3817.404648091405,8504.505901295177
90,90,5000,1000,320,25,24,0,400.2453410236335,2439.6605751355073,2839.905916159141,928.3013014198787,3791.102550341298,3783.796390186823,8503.200241948
91,91,5000,1000,333,21,14,0,437.65742744991076,2879.261113187617,3316.9185406375277,931.1086119677536,3695.693099263796,3912.0713281242774,8538.873039355827
92,92,5000,1000,357,18,33,0,141.71547563928607,2956.268515922165,3097.983991561451,880.4967679242528,3871.3526302763407,3765.7026436823376,8517.552041882931
93,93,5000,1000,400,17,25,0,271.31380660891057,3907.1534706993302,4178.467277308241,1103.188532748822,4902.51041522561,4700.470645263145,10706.169593237577
94,94,5000,1000,333,29,23,0,543.9246911634873,2634.1208526123555,3178.045543775843,932.1896135226061,3676.607215308235,3730.334747180444,8339.131576011285
95,95,5000,1000,348,22,25,0,582.6212177678794,2611.102158311478,3193.723376079358,956.2700658737137,3791.908183621878,3798.616730675102,8546.794980170693
96,96,5000,1000,334,16,17,0,528.3786690387285,3054.9982824546373,3583.3769514933656,830.9733310476747,3887.155433753063,3888.7475259531066,8606.876290753844
97,97,5000,1000,410,27,15,0,694.2481439949576,3313.7714059818563,4008.019549976814,1189.7600022267684,4742.648244545632,4832.72852271119,10765.13676948359
98,98,5000,1000,349,20,20,0,859.9860362784054,2455.5964866553436,3315.582522933749,919.0767450093622,3678.4884045512904,3884.7660297468037,8482.331179307457
99,99,5000,1000,367,28,24,0,684.7927924838768,2321.4644467540747,3006.2572392379516,959.2280388670688,3659.8369431068554,3714.5527809943255,8333.61776296825
100,100,5000,1000,322,20,25,0,290.5272280205454,2947.4647466029187,3237.991974623464,810.4930864050242,3708.5335171782467,3789.5103766158322,8308.536980199104
101,101,5000,1000,339,20,29,0,1177.318793524618,2168.3760209638267,3345.6948144884445,970.2543159717042,3875.3256593068595,3771.60927798023,8617.189253258794
102,102,5000,1000,318,18,26,0,0,3256.0973726341444,3256.0973726341444,967.5480440383748,3778.329689391834,3698.874202453972,8444.75193588418
103,103,5000,1000,374,22,29,0,0,2831.9196780449533,2831.9196780449533,996.1221024655753,3853.7450321669576,3690.4802730720576,8540.34740770459
104,104,5000,1000,336,23,19,0,313.5357055726863,2975.4152223914184,3288.9509279641043,986.309539499096,3744.9823549777293,3847.7824235444286,8579.074318021254
105,105,5000,1000,329,25,26,0,154.08572382953776,3081.848247852978,3235.933971682516,865.3449330276512,3758.2022466872254,3760.785450380863,8384.33263009574
106,106,5000,1000,430,23,15,0,1119.4597875540571,3118.7645792100857,4238.224366764143,1132.9203150906956,4796.781618845035,4883.296960055359,10812.998893991089
107,107,5000,1000,326,23,14,0,836.4418843722071,2513.463172304584,3349.9050566767914,904.8876803770517,3748.1173882773555,3876.6657423782667,8529.670811032674
108,108,5000,1000,346,10,11,0,31.62994048999326,3660.5140640957056,3692.144004585699,824.7355556229063,3891.5303498235317,3912.68373353434,8628.94963898078
109,109,5000,1000,334,31,31,0,326.4129060705932,2684.0850203128257,3010.4979263834193,942.8861785581829,3671.606524876695,3740.6799483717296,8355.172651806606
110,110,5000,1000,337,15,22,0,37.21865013851129,3186.0360381155606,3223.254688254072,973.1002877128718,3749.5672491144783,3793.7905032749736,8516.458040102323
111,111,5000,1000,348,17,21,0,22.359732432911187,3394.740331152117,3417.1000635850282,871.1266169558722,3801.2013077308607,3778.6080427283873,8450.93596741512
112,112,5000,1000,342,27,30,0,103.56321847454092,2875.4697889139816,2979.0330073885225,983.246239903886,3666.810644933332,3688.6263051505375,8338.683189987754
113,113,5000,1000,369,21,18,0,320.2532464933365,3017.315236802169,3337.5684832955058,984.9998841911269,3700.402062543,3810.338885907724,8495.740832641852
114,114,5000,1000,345,16,17,0,748.0179362629258,2745.923691728189,3493.9416279911147,876.2280280558999,3775.8845082981793,3839.5123138419235,8491.624850196004
115,115,5000,1000,335,16,15,0,166.06821905043853,3263.3413542959343,3429.409573346373,977.4198320850642,3853.3155084485215,3871.9459136035107,8702.681254137096
116,116,5000,1000,352,27,24,0,421.65688704710965,2621.728598368057,3043.385485415167,1033.4057134433965,3642.7202743708717,3819.962396385272,8496.08838419954
117,117,5000,1000,328,29,26,0,526.8830046172202,2732.2606647148077,3259.1436693320275,894.8183657503141,3633.6102947263093,3822.964861532831,8351.393522009455
118,118,5000,1000,352,20,23,0,40.12519811629909,3133.2157350906436,3173.3409332069427,818.9385032517959,3821.4385605623365,3812.4949131756266,8452.871976989758
119,119,5000,1000,344,18,16,0,92.64725537389631,3338.189088934254,3430.8363443081503,945.4649646694633,3800.5943702703144,3870.7739707504325,8616.83330569021
120,120,5000,1000,332,23,24,0,0,3218.493693201981,3218.493693201981,852.7801238265092,3844.8815746354194,3815.521397116785,8513.183095578714
121,121,5000,1000,327,19,19,0,264.1322568455089,3123.835000249882,3387.967257095391,827.433172572629,3848.7999528796904,3815.968025944942,8492.201151397261
122,122,5000,1000,367,26,33,0,90.70648389393364,2832.6959795192242,2923.402463413158,1081.8562292757947,3718.9364710755794,3710.253483600084,8511.046183951457
123,123,5000,1000,335,30,22,0,406.8576529325637,2739.9702842724546,3146.8279372050183,897.9948277407154,3689.459364636428,3780.2984655220494,8367.752657899193
124,124,5000,1000,341,25,26,0,164.150442980035,3080.616955697609,3244.767398677644,942.7356085920595,3659.6337295662815,3771.392383829942,8373.761721988283
125,125,5000,1000,335,16,19,0,724.5501917854222,2746.107164993478,3470.6573567789,873.5987807122191,3820.506956671235,3852.9730977210106,8547.078835104465
126,126,5000,1000,340,27,23,0,302.50058185815215,2895.007125946871,3197.5077078050226,863.129073506696,3688.078444236632,3856.9266686893343,8408.134186432662
127,127,5000,1000,353,27,29,0,82.87978172331077,2972.5676419412985,3055.4474236646092,930.9279401190481,3698.9032883564896,3671.265787799946,8301.097016275484
128,128,5000,1000,366,25,19,0,1952.854514597498,1384.7250617534944,3337.5795763509923,970.0160381248685,3720.4048724665995,3849.998641776607,8540.419552368076
129,129,5000,1000,331,16,16,0,565.1823699950328,2935.7431035311333,3500.925473526166,933.2779578810247,3831.898748715693,3857.250803463997,8622.427510060716
130,130,5000,1000,350,27,26,0,251.60525286838174,2686.5728423448327,2938.1780952132144,878.4336051056518,3636.3502703527865,3803.797591195798,8318.581466654236
131,131,5000,1000,345,24,28,0,272.55161142618454,2979.756936138772,3252.3085475649564,997.8753895350425,3724.526554271464,3808.4524303984563,8530.854374204962
132,132,5000,1000,321,16,18,0,438.4995582305005,2913.400103131103,3351.8996613616036,847.1750120848095,3816.5442778305473,3853.2335375445177,8516.952827459874
133,133,5000,1000,347,22,19,0,710.4043163159395,2586.775919447492,3297.1802357634315,937.4635165899218,3789.489924347411,3848.5838266608444,8575.537267598178
134,134,5000,1000,355,28,38,0,0,2768.2329193885917,2768.2329193885917,1068.3400149613803,3657.7029384535626,3757.833637281882,8483.876590696826
135,135,5000,1000,343,22,27,0,227.8762131849935,3086.3562335231313,3314.232446708125,920.5404056943975,3774.2356219792464,3819.265354228328,8514.04138190197
136,136,5000,1000,340,18,28,0,595.8164225306245,2514.388858493184,3110.2052810238088,822.7008307803956,3800.4781101175886,3793.3618598106796,8416.540800708663
137,137,5000,1000,337,19,15,0,59.582876213528834,3489.062131444039,3548.645007657568,953.9686142032525,3840.383227791899,3869.425856877527,8663.777698872678
138,138,5000,1000,363,37,28,0,236.80938068538035,2492.3000417803714,2729.109422465752,804.3036018221816,3563.329172435626,3788.918568912766,8156.551343170574
139,139,5000,1000,350,30,21,0,668.218416015844,2533.3782586697307,3201.5966746855747,880.3848912683645,3715.5543906127486,3821.322739195188,8417.262021076302
140,140,5000,1000,355,25,27,0,268.42733732981515,2890.0468558906705,3158.4741932204856,947.0645494686121,3715.432960262838,3812.1660479340467,8474.663557665497
141,141,5000,1000,419,26,27,0,234.52960204994952,3787.873183816585,4022.402785866534,1085.2817613748712,4625.247442825671,4761.219038717735,10471.748242918278
142,142,5000,1000,336,28,24,0,620.1312802174959,2388.4236082998136,3008.5548885173093,960.8231904990122,3722.6977860505294,3802.4003363832626,8485.921312932805
143,143,5000,1000,334,16,29,0,32.99354424658941,3119.3273175605455,3152.320861807135,886.685027689532,3838.04144938452,3771.8723790334434,8496.598856107496
144,144,5000,1000,377,20,28,0,0,2981.3711407240494,2981.3711407240494,941.9022446108968,3764.308298205098,3822.5197450522573,8528.730287868253
145,145,5000,1000,347,26,24,0,879.8142617746878,2111.5020847853402,2991.3163465600283,899.0823198358603,3748.221629231968,3749.511443854597,8396.815392922425
146,146,5000,1000,345,23,13,0,791.6254567520085,2362.6998042685655,3154.325261020574,1030.788739483315,3701.6728328340114,3914.924772531681,8647.386344849008
147,147,5000,1000,340,22,23,0,11.672610799068934,3323.405083816039,3335.077694615108,942.2125504737066,3784.050922852354,3724.567042280578,8450.830515606638
148,148,5000,1000,342,19,8,0,146.93855293173306,3415.1146729430084,3562.0532258747417,874.0185900234388,3776.254746464592,3915.2742672335453,8565.547603721576
149,149,5000,1000,366,22,22,0,108.94179937932495,2918.7102321438474,3027.6520315231724,848.1671837299677,3789.987292808557,3815.0669814886433,8453.221458027168
150,150,5000,1000,332,23,18,0,957.6210188089036,2372.200931449216,3329.82195025812,880.4408825956148,3679.068443610969,3785.9540964888097,8345.463422695393
151,151,5000,1000,342,16,20,0,353.85390447813893,3196.220931680971,3550.0748361591095,1055.4240334416754,3786.3610354969987,3776.830701654963,8618.615770593637
152,152,5000,1000,339,23,14,0,659.719849535054,2686.7622616499802,3346.4821111850342,814.7185587212807,3730.498159377573,3895.6399379617446,8440.856656060598
153,153,5000,1000,347,23,18,0,492.7815393704004,2613.6699237624257,3106.451463132826,989.6226402584807,3716.4915439494716,3909.919404076123,8616.033588284075
154,154,5000,1000,315,14,24,0,0,3246.68746287098,3246.68746287098,846.9840562622315,3901.019736778337,3825.5571146509537,8573.560907691523
155,155,5000,1000,347,15,32,0,0,3244.8759410818197,3244.8759410818197,805.8578079487737,3775.561371064899,3640.0244956333195,8221.443674646993
156,156,5000,1000,337,35,24,0,926.9770782904584,2085.9202980585965,3012.897376349055,913.1630995204409,3724.922439584248,3782.4052434448486,8420.490782549537
157,157,5000,1000,346,25,26,0,269.8858715156483,2700.319895319751,2970.2057668353996,1025.5458096831292,3674.6114365941726,3749.523057325162,8449.680303602465
158,158,5000,1000,439,27,18,0,370.4513175866118,3675.426432621882,4045.877750208494,1119.4944959777831,4746.432834631519,4904.373211609668,10770.30054221897
159,159,5000,1000,347,25,22,0,517.892373784869,2559.9948877042543,3077.8872614891234,941.0353947423791,3784.50979755013,3772.695915525051,8498.241107817561
160,160,5000,1000,322,18,29,0,739.226627747611,2179.644984738183,2918.8716124857942,959.8084631812619,3794.3599012471195,3809.7697670655843,8563.938131493966
161,161,5000,1000,334,18,33,0,0,3016.1044845358606,3016.1044845358606,1051.8513348180832,3795.6878811976503,3778.251913193132,8625.791129208865
162,162,5000,1000,331,16,22,0,414.40155959593767,2612.17212737488,3026.5736869708176,901.5289177576375,3802.92268919362,3827.8923941232347,8532.344001074493
163,163,5000,1000,352,22,18,0,273.90602602954823,3150.60488265171,3424.5109086812586,816.5897723319603,3797.352798055305,3846.723697206651,8460.666267593915
164,164,5000,1000,351,24,30,0,327.5470030098586,2812.04958136947,3139.5965843793288,993.747809958486,3664.294199126666,3690.5610587493584,8348.60306783451
165,165,5000,1000,422,34,27,0,588.8841400552772,3233.9325992733634,3822.816739328641,1259.7027286588423,4646.955298594412,4784.164585040502,10690.822612293756
166,166,5000,1000,338,25,23,0,131.26465337628372,2799.9520278693344,2931.216681245618,1037.305180070004,3699.8114728427713,3790.3746614960523,8527.491314408828
167,167,5000,1000,327,16,30,0,0,3214.2786836792334,3214.2786836792334,834.093775732641,3665.365949396644,3782.058604685395,8281.51832981468
168,168,5000,1000,347,16,14,0,156.1429339339427,3199.127938920079,3355.270872854022,856.7035522598906,3827.142001950806,3875.1579843468876,8559.003538557585
169,169,5000,1000,332,21,21,0,678.9543096779119,2375.7576210156703,3054.711930693582,1002.4634914784572,3778.439213588253,3667.3656307023834,8448.268335769093
170,170,5000,1000,325,29,36,0,34.42553340733048,2677.437903405424,2711.8634368127546,864.3561723083074,3637.9797279527743,3709.778944817121,8212.114845078202
171,171,5000,1000,346,25,20,0,841.5832951883715,2371.5681150580176,3213.151410246389,917.8846712341906,3730.8424573130064,3865.769335718103,8514.4964642653
172,172,5000,1000,323,23,16,0,988.0085267848584,2436.872812995686,3424.8813397805447,797.8824444897011,3674.68663464204,3865.9784294246965,8338.547508556438
173,173,5000,1000,343,32,34,0,633.629255908214,2306.404852725982,2940.034108634196,1014.2005533869943,3560.333256717485,3646.837735413226,8221.371545517704
174,174,5000,1000,360,25,29,0,125.20728826101049,2888.106490945146,3013.3137792061566,1056.402865333194,3649.3711944164106,3719.741735267757,8425.515795017362
175,175,5000,1000,334,23,16,0,143.67806598306765,3117.7653044997155,3261.443370482783,840.3752716695652,3806.033258097778,3777.472521444334,8423.881051211676
176,176,5000,1000,359,18,18,0,405.2277709294258,2855.406567976696,3260.6343389061217,993.0072130694668,3860.5987028607765,3828.9053689352736,8682.511284865517
177,177,5000,1000,346,19,22,0,828.9426128754806,2389.841045608874,3218.7836584843544,1021.4120628018534,3755.3727211787605,3852.600751958234,8629.385535938847
178,178,5000,1000,360,12,27,0,0,3234.085999439958,3234.085999439958,900.9604438795614,3851.2953698312435,3733.4893741094534,8485.745187820257
179,179,5000,1000,368,22,27,0,4.208206209590571,3307.9204427615,3312.1286489710906,915.0770714995684,3742.498443836951,3762.003846733768,8419.579362070288
180,180,5000,1000,335,25,25,0,559.6756845252798,2597.8788903753807,3157.5545749006606,961.5128999383775,3775.8968847081173,3792.153380415371,8529.563165061865
181,181,5000,1000,335,22,14,0,375.25638595426153,2756.545640754142,3131.8020267084034,1028.9275843041637,3727.180289648751,3927.0123216957804,8683.120195648695
182,182,5000,1000,347,27,20,0,161.54959597715288,3040.458943801005,3202.0085397781577,906.9784688884489,3701.85622500477,3850.7015118586924,8459.536205751912
183,183,5000,1000,331,37,17,0,1187.2216063205624,1882.5370390810526,3069.758645401615,916.5631687663098,3669.839322706756,3828.803794572326,8415.206286045392
184,184,5000,1000,328,23,19,0,689.8434672777989,2682.983049190453,3372.826516468252,812.1131761814311,3815.7088079143327,3826.194903644007,8454.01688773977
185,185,5000,1000,313,15,23,0,0,3460.356854943546,3460.356854943546,787.3746555853264,3835.6536121057115,3785.0989766184166,8408.127244309455
186,186,5000,1000,313,22,27,0,514.9967390599054,2563.0063667759505,3078.003105835856,864.7901351371644,3730.1444396543166,3743.392653971961,8338.327228763443
187,187,5000,1000,371,15,26,0,48.50885044095469,3213.791505626008,3262.300356066963,937.37183074805,3849.672820526946,3811.236070578519,8598.280721853514
188,188,5000,1000,355,20,35,0,29.127958888547028,2574.0184854723907,2603.1464443609375,1017.7969559495693,3772.3484123357252,3678.3236518639806,8468.469020149274
189,189,5000,1000,411,27,33,0,713.657721420226,3185.3365057605697,3898.9942271807954,1186.9477041764649,4724.392070401557,4660.335040427319,10571.67481500534
190,190,5000,1000,360,17,23,0,24.546647038632273,3336.4852171531043,3361.0318641917365,965.4786748999531,3759.146555124698,3704.5746485631767,8429.199878587828
191,191,5000,1000,335,32,19,0,499.35088942098446,2673.5931316709607,3172.9440210919447,868.9221025996245,3616.8904202589983,3788.5457502015784,8274.358273060201
192,192,5000,1000,301,20,25,0,1.2928515047760811,3183.4792766175856,3184.7721281223617,833.4164029821186,3746.6747599276605,3811.221682531857,8391.312845441636
193,193,5000,1000,436,46,31,0,539.5843472740307,3099.101605632473,3638.6859529065036,1253.4046820945016,4542.293108480615,4712.056280163706,10507.754070738822
194,194,5000,1000,379,27,25,0,79.12693151317421,3158.5120383396707,3237.6389698528446,987.6645642254275,3705.940562595133,3728.4256150837564,8422.030741904317
195,195,5000,1000,323,16,16,0,338.03669935154176,3053.721435660831,3391.758135012373,852.9651576695209,3787.651142871049,3896.750406605985,8537.366707146555
196,196,5000,1000,318,23,21,0,281.88569558232894,3063.2275569972267,3345.1132525795556,869.7130268005975,3798.6191212658805,3694.6559954701365,8362.988143536615
197,197,5000,1000,311,18,23,0,884.0179976098224,2471.80225328868,3355.8202508985023,980.309199551292,3784.7232051199967,3821.762092599321,8586.79449727061
198,198,5000,1000,343,20,25,0,0,3218.772740575734,3218.772740575734,921.8072301442517,3760.580387679483,3827.5819983093425,8509.969616133078
199,199,5000,1000,353,19,21,0,157.21491231987693,2965.557283189577,3122.772195509454,1037.0381108663087,3798.638806284595,3746.447754452207,8582.124671603111
200,200,5000,1000,350,17,28,0,159.85940487412415,3054.9471409892385,3214.8065458633628,954.6845837870399,3833.5467351968914,3811.38022814701,8599.611547130942
